<?xml version="1.0" encoding="UTF-8" ?>
   <!DOCTYPE log4j:configuration SYSTEM "log4j.dtd">
<log4j:configuration xmlns:log4j="http://jakarta.apache.org/log4j/">
       
       <appender name="callcenterAppender" class="org.apache.log4j.DailyRollingFileAppender">
               <param name="DatePattern" value="'.'yyyy-MM-dd"/>
           	   <!-- <param name="File" value="C:\\Oracle_2\\user_projects\\domains\\base_domain\\ConvergenciaMobileHome\\log\\ConvergenciaMobileHome.log"/>-->
           	    <param name="File" value="./callcenter/log/call-center.log"/>
           	   <param name="Append" value="true"/>
               <layout class="org.apache.log4j.PatternLayout">
                 <param name="ConversionPattern" value="%d %p - %m%n"/>
               </layout>
       </appender>
	   
       <category name="co.com.almundo.callcenter"> 
		 <priority value="INFO" />
    	 <appender-ref ref="callcenterAppender" />
	   </category>
	   
	  
</log4j:configuration>